Id;Name;Size;Sex;Color;Category;Delivery time
TStW00UBla;Torba z nadrukiem Star Wars;ONE_SIZE;Unisex;Black;"6;12";40
TStW00UWhi;Torba z nadrukiem Star Wars;ONE_SIZE;Unisex;White;"6;12";40
TStW00UGry;Torba z nadrukiem Star Wars;ONE_SIZE;Unisex;Grey;"6;12";40
TStW00UEco;Torba z nadrukiem Star Wars;ONE_SIZE;Unisex;Eco;"6;12";40
THaP00UBla;Torba z nadrukiem Harry Potter;ONE_SIZE;Unisex;Black;"6;13";38
THaP00UWhi;Torba z nadrukiem Harry Potter;ONE_SIZE;Unisex;White;"6;13";38
THaP00UGry;Torba z nadrukiem Harry Potter;ONE_SIZE;Unisex;Grey;"6;13";38
THaP00UEco;Torba z nadrukiem Harry Potter;ONE_SIZE;Unisex;Eco;"6;13";38
TThS00UBla;Torba z nadrukiem The Simpsons;ONE_SIZE;Unisex;Black;"6;14";36
TThS00UWhi;Torba z nadrukiem The Simpsons;ONE_SIZE;Unisex;White;"6;14";36
TThS00UGry;Torba z nadrukiem The Simpsons;ONE_SIZE;Unisex;Grey;"6;14";36
TThS00UEco;Torba z nadrukiem The Simpsons;ONE_SIZE;Unisex;Eco;"6;14";36
TIrM00UBla;Torba z nadrukiem Iron Maiden;ONE_SIZE;Unisex;Black;"6;15";38
TIrM00UWhi;Torba z nadrukiem Iron Maiden;ONE_SIZE;Unisex;White;"6;15";38
TIrM00UGry;Torba z nadrukiem Iron Maiden;ONE_SIZE;Unisex;Grey;"6;15";38
TIrM00UEco;Torba z nadrukiem Iron Maiden;ONE_SIZE;Unisex;Eco;"6;15";38
TLeZ00UBla;Torba z nadrukiem Led Zeppelin;ONE_SIZE;Unisex;Black;"6;16";39
TLeZ00UWhi;Torba z nadrukiem Led Zeppelin;ONE_SIZE;Unisex;White;"6;16";39
TLeZ00UGry;Torba z nadrukiem Led Zeppelin;ONE_SIZE;Unisex;Grey;"6;16";39
TLeZ00UEco;Torba z nadrukiem Led Zeppelin;ONE_SIZE;Unisex;Eco;"6;17";40
TQeN00UBla;Torba z nadrukiem Queen;ONE_SIZE;Unisex;Black;"6;17";40
TQeN00UWhi;Torba z nadrukiem Queen;ONE_SIZE;Unisex;White;"6;17";40
TQeN00UGry;Torba z nadrukiem Queen;ONE_SIZE;Unisex;Grey;"6;17";40
TQeN00UEco;Torba z nadrukiem Queen;ONE_SIZE;Unisex;Eco;"6;17";40
TCzK00UBla;Torba z nadrukiem Czaszka;ONE_SIZE;Unisex;Black;"6;18";33
TCzK00UWhi;Torba z nadrukiem Czaszka;ONE_SIZE;Unisex;White;"6;18";33
TCzK00UGry;Torba z nadrukiem Czaszka;ONE_SIZE;Unisex;Grey;"6;18";33
TCzK00UEco;Torba z nadrukiem Czaszka;ONE_SIZE;Unisex;Eco;"6;18";33
TSeC00UBla;Torba z nadrukiem Serce;ONE_SIZE;Unisex;Black;"6;19";34
TSeC00UWhi;Torba z nadrukiem Serce;ONE_SIZE;Unisex;White;"6;19";34
TSeC00UGry;Torba z nadrukiem Serce;ONE_SIZE;Unisex;Grey;"6;19";34
TSeC00UEco;Torba z nadrukiem Serce;ONE_SIZE;Unisex;Eco;"6;19";34
TPlS00UBla;Torba z nadrukiem Płatki śniegu;ONE_SIZE;Unisex;Black;"6;20";35
TPlS00UWhi;Torba z nadrukiem Płatki śniegu;ONE_SIZE;Unisex;White;"6;20";35
TPlS00UGry;Torba z nadrukiem Płatki śniegu;ONE_SIZE;Unisex;Grey;"6;20";35
TPlS00UEco;Torba z nadrukiem Płatki śniegu;ONE_SIZE;Unisex;Eco;"6;20";35
QStW00UBla;Kubek z nadrukiem Star Wars;ONE_SIZE;Unisex;Black;"7;12";30
QStW00UWhi;Kubek z nadrukiem Star Wars;ONE_SIZE;Unisex;White;"7;12";30
QStW00UGry;Kubek z nadrukiem Star Wars;ONE_SIZE;Unisex;Grey;"7;12";30
QStW00UEco;Kubek z nadrukiem Star Wars;ONE_SIZE;Unisex;Eco;"7;12";30
QStW00UPin;Kubek z nadrukiem Star Wars;ONE_SIZE;Unisex;Pink;"7;12";30
QStW00UBlu;Kubek z nadrukiem Star Wars;ONE_SIZE;Unisex;Blue;"7;12";30
QStW00URed;Kubek z nadrukiem Star Wars;ONE_SIZE;Unisex;Red;"7;12";30
QStW00UGrn;Kubek z nadrukiem Star Wars;ONE_SIZE;Unisex;Green;"7;12";30
QHaP00UBla;Kubek z nadrukiem Harry Potter;ONE_SIZE;Unisex;Black;"7;13";28
QHaP00UWhi;Kubek z nadrukiem Harry Potter;ONE_SIZE;Unisex;White;"7;13";28
QHaP00UGry;Kubek z nadrukiem Harry Potter;ONE_SIZE;Unisex;Grey;"7;13";28
QHaP00UEco;Kubek z nadrukiem Harry Potter;ONE_SIZE;Unisex;Eco;"7;13";28
QHaP00UPin;Kubek z nadrukiem Harry Potter;ONE_SIZE;Unisex;Pink;"7;13";28
QHaP00UBlu;Kubek z nadrukiem Harry Potter;ONE_SIZE;Unisex;Blue;"7;13";28
QHaP00URed;Kubek z nadrukiem Harry Potter;ONE_SIZE;Unisex;Red;"7;13";28
QHaP00UGrn;Kubek z nadrukiem Harry Potter;ONE_SIZE;Unisex;Green;"7;13";28
QThS00UBla;Kubek z nadrukiem The Simpsons;ONE_SIZE;Unisex;Black;"7;14";26
QThS00UWhi;Kubek z nadrukiem The Simpsons;ONE_SIZE;Unisex;White;"7;14";26
QThS00UGry;Kubek z nadrukiem The Simpsons;ONE_SIZE;Unisex;Grey;"7;14";26
QThS00UEco;Kubek z nadrukiem The Simpsons;ONE_SIZE;Unisex;Eco;"7;14";26
QThS00UPin;Kubek z nadrukiem The Simpsons;ONE_SIZE;Unisex;Pink;"7;14";26
QThS00UBlu;Kubek z nadrukiem The Simpsons;ONE_SIZE;Unisex;Blue;"7;14";26
QThS00URed;Kubek z nadrukiem The Simpsons;ONE_SIZE;Unisex;Red;"7;14";26
QThS00UGrn;Kubek z nadrukiem The Simpsons;ONE_SIZE;Unisex;Green;"7;14";26
QIrM00UBla;Kubek z nadrukiem Iron Maiden;ONE_SIZE;Unisex;Black;"7;15";28
QIrM00UWhi;Kubek z nadrukiem Iron Maiden;ONE_SIZE;Unisex;White;"7;15";28
QIrM00UGry;Kubek z nadrukiem Iron Maiden;ONE_SIZE;Unisex;Grey;"7;15";28
QIrM00UEco;Kubek z nadrukiem Iron Maiden;ONE_SIZE;Unisex;Eco;"7;15";28
QIrM00UPin;Kubek z nadrukiem Iron Maiden;ONE_SIZE;Unisex;Pink;"7;15";28
QIrM00UBlu;Kubek z nadrukiem Iron Maiden;ONE_SIZE;Unisex;Blue;"7;15";28
QIrM00URed;Kubek z nadrukiem Iron Maiden;ONE_SIZE;Unisex;Red;"7;15";28
QIrM00UGrn;Kubek z nadrukiem Iron Maiden;ONE_SIZE;Unisex;Green;"7;15";28
QLeZ00UBla;Kubek z nadrukiem Led Zeppelin;ONE_SIZE;Unisex;Black;"7;16";29
QLeZ00UWhi;Kubek z nadrukiem Led Zeppelin;ONE_SIZE;Unisex;White;"7;16";29
QLeZ00UGry;Kubek z nadrukiem Led Zeppelin;ONE_SIZE;Unisex;Grey;"7;16";29
QLeZ00UEco;Kubek z nadrukiem Led Zeppelin;ONE_SIZE;Unisex;Eco;"7;16";29
QLeZ00UPin;Kubek z nadrukiem Led Zeppelin;ONE_SIZE;Unisex;Pink;"7;16";29
QLeZ00UBlu;Kubek z nadrukiem Led Zeppelin;ONE_SIZE;Unisex;Blue;"7;16";29
QLeZ00URed;Kubek z nadrukiem Led Zeppelin;ONE_SIZE;Unisex;Red;"7;16";29
QLeZ00UGrn;Kubek z nadrukiem Led Zeppelin;ONE_SIZE;Unisex;Green;"7;16";29
QQeN00UBla;Kubek z nadrukiem Queen;ONE_SIZE;Unisex;Black;"7;17";30
QQeN00UWhi;Kubek z nadrukiem Queen;ONE_SIZE;Unisex;White;"7;17";30
QQeN00UGry;Kubek z nadrukiem Queen;ONE_SIZE;Unisex;Grey;"7;17";30
QQeN00UEco;Kubek z nadrukiem Queen;ONE_SIZE;Unisex;Eco;"7;17";30
QQeN00UPin;Kubek z nadrukiem Queen;ONE_SIZE;Unisex;Pink;"7;17";30
QQeN00UBlu;Kubek z nadrukiem Queen;ONE_SIZE;Unisex;Blue;"7;17";30
QQeN00URed;Kubek z nadrukiem Queen;ONE_SIZE;Unisex;Red;"7;17";30
QQeN00UGrn;Kubek z nadrukiem Queen;ONE_SIZE;Unisex;Green;"7;17";30
QCzK00UBla;Kubek z nadrukiem Czaszka;ONE_SIZE;Unisex;Black;"7;18";23
QCzK00UWhi;Kubek z nadrukiem Czaszka;ONE_SIZE;Unisex;White;"7;18";23
QCzK00UGry;Kubek z nadrukiem Czaszka;ONE_SIZE;Unisex;Grey;"7;18";23
QCzK00UEco;Kubek z nadrukiem Czaszka;ONE_SIZE;Unisex;Eco;"7;18";23
QCzK00UPin;Kubek z nadrukiem Czaszka;ONE_SIZE;Unisex;Pink;"7;18";23
QCzK00UBlu;Kubek z nadrukiem Czaszka;ONE_SIZE;Unisex;Blue;"7;18";23
QCzK00URed;Kubek z nadrukiem Czaszka;ONE_SIZE;Unisex;Red;"7;18";23
QCzK00UGrn;Kubek z nadrukiem Czaszka;ONE_SIZE;Unisex;Green;"7;18";23
QSeC00UBla;Kubek z nadrukiem Serce;ONE_SIZE;Unisex;Black;"7;19";24
QSeC00UWhi;Kubek z nadrukiem Serce;ONE_SIZE;Unisex;White;"7;19";24
QSeC00UGry;Kubek z nadrukiem Serce;ONE_SIZE;Unisex;Grey;"7;19";24
QSeC00UEco;Kubek z nadrukiem Serce;ONE_SIZE;Unisex;Eco;"7;19";24
QSeC00UPin;Kubek z nadrukiem Serce;ONE_SIZE;Unisex;Pink;"7;19";24
QSeC00UBlu;Kubek z nadrukiem Serce;ONE_SIZE;Unisex;Blue;"7;19";24
QSeC00URed;Kubek z nadrukiem Serce;ONE_SIZE;Unisex;Red;"7;19";24
QSeC00UGrn;Kubek z nadrukiem Serce;ONE_SIZE;Unisex;Green;"7;19";24
QPlS00UBla;Kubek z nadrukiem Płatki śniegu;ONE_SIZE;Unisex;Black;"7;20";25
QPlS00UWhi;Kubek z nadrukiem Płatki śniegu;ONE_SIZE;Unisex;White;"7;20";25
QPlS00UGry;Kubek z nadrukiem Płatki śniegu;ONE_SIZE;Unisex;Grey;"7;20";25
QPlS00UEco;Kubek z nadrukiem Płatki śniegu;ONE_SIZE;Unisex;Eco;"7;20";25
QPlS00UPin;Kubek z nadrukiem Płatki śniegu;ONE_SIZE;Unisex;Pink;"7;20";25
QPlS00UBlu;Kubek z nadrukiem Płatki śniegu;ONE_SIZE;Unisex;Blue;"7;20";25
QPlS00URed;Kubek z nadrukiem Płatki śniegu;ONE_SIZE;Unisex;Red;"7;20";25
QPlS00UGrn;Kubek z nadrukiem Płatki śniegu;ONE_SIZE;Unisex;Green;"7;20";25
CStW00UWhi;Czapka z nadrukiem Star Wars;ONE_SIZE;Unisex;White;"8;12";35
CStW00UGry;Czapka z nadrukiem Star Wars;ONE_SIZE;Unisex;Grey;"8;12";35
CStW00UEco;Czapka z nadrukiem Star Wars;ONE_SIZE;Unisex;Eco;"8;12";35
CStW00UPin;Czapka z nadrukiem Star Wars;ONE_SIZE;Unisex;Pink;"8;12";35
CStW00UBlu;Czapka z nadrukiem Star Wars;ONE_SIZE;Unisex;Blue;"8;12";35
CStW00ULBl;Czapka z nadrukiem Star Wars;ONE_SIZE;Unisex;Light Blue;"8;12";35
CStW00URed;Czapka z nadrukiem Star Wars;ONE_SIZE;Unisex;Red;"8;12";35
CStW00UGrn;Czapka z nadrukiem Star Wars;ONE_SIZE;Unisex;Green;"8;12";35
CHaP00UBla;Czapka z nadrukiem Harry Potter;ONE_SIZE;Unisex;Black;"8;13";33
CHaP00UWhi;Czapka z nadrukiem Harry Potter;ONE_SIZE;Unisex;White;"8;13";33
CHaP00UGry;Czapka z nadrukiem Harry Potter;ONE_SIZE;Unisex;Grey;"8;13";33
CHaP00UEco;Czapka z nadrukiem Harry Potter;ONE_SIZE;Unisex;Eco;"8;13";33
CHaP00UPin;Czapka z nadrukiem Harry Potter;ONE_SIZE;Unisex;Pink;"8;13";33
CHaP00UBlu;Czapka z nadrukiem Harry Potter;ONE_SIZE;Unisex;Blue;"8;13";33
CHaP00ULBl;Czapka z nadrukiem Harry Potter;ONE_SIZE;Unisex;Light Blue;"8;13";33
CHaP00URed;Czapka z nadrukiem Harry Potter;ONE_SIZE;Unisex;Red;"8;13";33
CHaP00UGrn;Czapka z nadrukiem Harry Potter;ONE_SIZE;Unisex;Green;"8;13";33
CThS00UBla;Czapka z nadrukiem The Simpsons;ONE_SIZE;Unisex;Black;"8;14";31
CThS00UWhi;Czapka z nadrukiem The Simpsons;ONE_SIZE;Unisex;White;"8;14";31
CThS00UGry;Czapka z nadrukiem The Simpsons;ONE_SIZE;Unisex;Grey;"8;14";31
CThS00UEco;Czapka z nadrukiem The Simpsons;ONE_SIZE;Unisex;Eco;"8;14";31
CThS00UPin;Czapka z nadrukiem The Simpsons;ONE_SIZE;Unisex;Pink;"8;14";31
CThS00UBlu;Czapka z nadrukiem The Simpsons;ONE_SIZE;Unisex;Blue;"8;14";31
CThS00ULBl;Czapka z nadrukiem The Simpsons;ONE_SIZE;Unisex;Light Blue;"8;14";31
CThS00URed;Czapka z nadrukiem The Simpsons;ONE_SIZE;Unisex;Red;"8;14";31
CThS00UGrn;Czapka z nadrukiem The Simpsons;ONE_SIZE;Unisex;Green;"8;14";31
CIrM00UBla;Czapka z nadrukiem Iron Maiden;ONE_SIZE;Unisex;Black;"8;15";33
CIrM00UWhi;Czapka z nadrukiem Iron Maiden;ONE_SIZE;Unisex;White;"8;15";33
CIrM00UGry;Czapka z nadrukiem Iron Maiden;ONE_SIZE;Unisex;Grey;"8;15";33
CIrM00UEco;Czapka z nadrukiem Iron Maiden;ONE_SIZE;Unisex;Eco;"8;15";33
CIrM00UPin;Czapka z nadrukiem Iron Maiden;ONE_SIZE;Unisex;Pink;"8;15";33
CIrM00UBlu;Czapka z nadrukiem Iron Maiden;ONE_SIZE;Unisex;Blue;"8;15";33
CIrM00ULBl;Czapka z nadrukiem Iron Maiden;ONE_SIZE;Unisex;Light Blue;"8;15";33
CIrM00URed;Czapka z nadrukiem Iron Maiden;ONE_SIZE;Unisex;Red;"8;15";33
CIrM00UGrn;Czapka z nadrukiem Iron Maiden;ONE_SIZE;Unisex;Green;"8;15";33
CLeZ00UBla;Czapka z nadrukiem Led Zeppelin;ONE_SIZE;Unisex;Black;"8;16";34
CLeZ00UWhi;Czapka z nadrukiem Led Zeppelin;ONE_SIZE;Unisex;White;"8;16";34
CLeZ00UGry;Czapka z nadrukiem Led Zeppelin;ONE_SIZE;Unisex;Grey;"8;16";34
CLeZ00UEco;Czapka z nadrukiem Led Zeppelin;ONE_SIZE;Unisex;Eco;"8;16";34
CLeZ00UPin;Czapka z nadrukiem Led Zeppelin;ONE_SIZE;Unisex;Pink;"8;16";34
CLeZ00UBlu;Czapka z nadrukiem Led Zeppelin;ONE_SIZE;Unisex;Blue;"8;16";34
CLeZ00ULBl;Czapka z nadrukiem Led Zeppelin;ONE_SIZE;Unisex;Light Blue;"8;16";34
CLeZ00URed;Czapka z nadrukiem Led Zeppelin;ONE_SIZE;Unisex;Red;"8;16";34
CLeZ00UGrn;Czapka z nadrukiem Led Zeppelin;ONE_SIZE;Unisex;Green;"8;16";34
CQeN00UBla;Czapka z nadrukiem Queen;ONE_SIZE;Unisex;Black;"8;17";35
CQeN00UWhi;Czapka z nadrukiem Queen;ONE_SIZE;Unisex;White;"8;17";35
CQeN00UGry;Czapka z nadrukiem Queen;ONE_SIZE;Unisex;Grey;"8;17";35
CQeN00UEco;Czapka z nadrukiem Queen;ONE_SIZE;Unisex;Eco;"8;17";35
CQeN00UPin;Czapka z nadrukiem Queen;ONE_SIZE;Unisex;Pink;"8;17";35
CQeN00UBlu;Czapka z nadrukiem Queen;ONE_SIZE;Unisex;Blue;"8;17";35
CQeN00ULBl;Czapka z nadrukiem Queen;ONE_SIZE;Unisex;Light Blue;"8;17";35
CQeN00URed;Czapka z nadrukiem Queen;ONE_SIZE;Unisex;Red;"8;17";35
CQeN00UGrn;Czapka z nadrukiem Queen;ONE_SIZE;Unisex;Green;"8;17";35
CCzK00UBla;Czapka z nadrukiem Czaszka;ONE_SIZE;Unisex;Black;"8;18";28
CCzK00UWhi;Czapka z nadrukiem Czaszka;ONE_SIZE;Unisex;White;"8;18";28
CCzK00UGry;Czapka z nadrukiem Czaszka;ONE_SIZE;Unisex;Grey;"8;18";28
CCzK00UEco;Czapka z nadrukiem Czaszka;ONE_SIZE;Unisex;Eco;"8;18";28
CCzK00UPin;Czapka z nadrukiem Czaszka;ONE_SIZE;Unisex;Pink;"8;18";28
CCzK00UBlu;Czapka z nadrukiem Czaszka;ONE_SIZE;Unisex;Blue;"8;18";28
CCzK00ULBl;Czapka z nadrukiem Czaszka;ONE_SIZE;Unisex;Light Blue;"8;18";28
CCzK00URed;Czapka z nadrukiem Czaszka;ONE_SIZE;Unisex;Red;"8;18";28
CCzK00UGrn;Czapka z nadrukiem Czaszka;ONE_SIZE;Unisex;Green;"8;18";28
CSeC00UBla;Czapka z nadrukiem Serce;ONE_SIZE;Unisex;Black;"8;19";29
CSeC00UWhi;Czapka z nadrukiem Serce;ONE_SIZE;Unisex;White;"8;19";29
CSeC00UGry;Czapka z nadrukiem Serce;ONE_SIZE;Unisex;Grey;"8;19";29
CSeC00UEco;Czapka z nadrukiem Serce;ONE_SIZE;Unisex;Eco;"8;19";29
CSeC00UPin;Czapka z nadrukiem Serce;ONE_SIZE;Unisex;Pink;"8;19";29
CSeC00UBlu;Czapka z nadrukiem Serce;ONE_SIZE;Unisex;Blue;"8;19";29
CSeC00ULBl;Czapka z nadrukiem Serce;ONE_SIZE;Unisex;Light Blue;"8;19";29
CSeC00URed;Czapka z nadrukiem Serce;ONE_SIZE;Unisex;Red;"8;19";29
CSeC00UGrn;Czapka z nadrukiem Serce;ONE_SIZE;Unisex;Green;"8;19";29
CPlS00UBla;Czapka z nadrukiem Płatki śniegu;ONE_SIZE;Unisex;Black;"8;20";30
CPlS00UWhi;Czapka z nadrukiem Płatki śniegu;ONE_SIZE;Unisex;White;"8;20";30
CPlS00UGry;Czapka z nadrukiem Płatki śniegu;ONE_SIZE;Unisex;Grey;"8;20";30
CPlS00UEco;Czapka z nadrukiem Płatki śniegu;ONE_SIZE;Unisex;Eco;"8;20";30
CPlS00UPin;Czapka z nadrukiem Płatki śniegu;ONE_SIZE;Unisex;Pink;"8;20";30
CPlS00UBlu;Czapka z nadrukiem Płatki śniegu;ONE_SIZE;Unisex;Blue;"8;20";30
CPlS00ULBl;Czapka z nadrukiem Płatki śniegu;ONE_SIZE;Unisex;Light Blue;"8;20";30
CPlS00URed;Czapka z nadrukiem Płatki śniegu;ONE_SIZE;Unisex;Red;"8;20";30
CPlS00UGrn;Czapka z nadrukiem Płatki śniegu;ONE_SIZE;Unisex;Green;"8;20";30
KStW01WBla;Koszulka z nadrukiem Star Wars;XS;Woman;Black;"5;12";55
KStW02WBla;Koszulka z nadrukiem Star Wars;S;Woman;Black;"5;12";55
KStW03WBla;Koszulka z nadrukiem Star Wars;M;Woman;Black;"5;12";55
KStW04WBla;Koszulka z nadrukiem Star Wars;L;Woman;Black;"5;12";55
KStW05WBla;Koszulka z nadrukiem Star Wars;XL;Woman;Black;"5;12";55
KStW01WWhi;Koszulka z nadrukiem Star Wars;XS;Woman;White;"5;12";55
KStW02WWhi;Koszulka z nadrukiem Star Wars;S;Woman;White;"5;12";55
KStW03WWhi;Koszulka z nadrukiem Star Wars;M;Woman;White;"5;12";55
KStW04WWhi;Koszulka z nadrukiem Star Wars;L;Woman;White;"5;12";55
KStW05WWhi;Koszulka z nadrukiem Star Wars;XL;Woman;White;"5;12";55
KStW01WGry;Koszulka z nadrukiem Star Wars;XS;Woman;Grey;"5;12";55
KStW02WGry;Koszulka z nadrukiem Star Wars;S;Woman;Grey;"5;12";55
KStW03WGry;Koszulka z nadrukiem Star Wars;M;Woman;Grey;"5;12";55
KStW04WGry;Koszulka z nadrukiem Star Wars;L;Woman;Grey;"5;12";55
KStW05WGry;Koszulka z nadrukiem Star Wars;XL;Woman;Grey;"5;12";55
KStW01WPin;Koszulka z nadrukiem Star Wars;XS;Woman;Pink;"5;12";55
KStW02WPin;Koszulka z nadrukiem Star Wars;S;Woman;Pink;"5;12";55
KStW03WPin;Koszulka z nadrukiem Star Wars;M;Woman;Pink;"5;12";55
KStW04WPin;Koszulka z nadrukiem Star Wars;L;Woman;Pink;"5;12";55
KStW05WPin;Koszulka z nadrukiem Star Wars;XL;Woman;Pink;"5;12";55
KStW01WLBl;Koszulka z nadrukiem Star Wars;XS;Woman;Light Blue;"5;12";55
KStW02WLBl;Koszulka z nadrukiem Star Wars;S;Woman;Light Blue;"5;12";55
KStW03WLBl;Koszulka z nadrukiem Star Wars;M;Woman;Light Blue;"5;12";55
KStW04WLBl;Koszulka z nadrukiem Star Wars;L;Woman;Light Blue;"5;12";55
KStW05WLBl;Koszulka z nadrukiem Star Wars;XL;Woman;Light Blue;"5;12";55
KStW01MBla;Koszulka z nadrukiem Star Wars;XS;Man;Black;"5;12";55
KStW02MBla;Koszulka z nadrukiem Star Wars;S;Man;Black;"5;12";55
KStW03MBla;Koszulka z nadrukiem Star Wars;M;Man;Black;"5;12";55
KStW04MBla;Koszulka z nadrukiem Star Wars;L;Man;Black;"5;12";55
KStW05MBla;Koszulka z nadrukiem Star Wars;XL;Man;Black;"5;12";55
KStW01MWhi;Koszulka z nadrukiem Star Wars;XS;Man;White;"5;12";55
KStW02MWhi;Koszulka z nadrukiem Star Wars;S;Man;White;"5;12";55
KStW03MWhi;Koszulka z nadrukiem Star Wars;M;Man;White;"5;12";55
KStW04MWhi;Koszulka z nadrukiem Star Wars;L;Man;White;"5;12";55
KStW05MWhi;Koszulka z nadrukiem Star Wars;XL;Man;White;"5;12";55
KStW01MGry;Koszulka z nadrukiem Star Wars;XS;Man;Grey;"5;12";55
KStW02MGry;Koszulka z nadrukiem Star Wars;S;Man;Grey;"5;12";55
KStW03MGry;Koszulka z nadrukiem Star Wars;M;Man;Grey;"5;12";55
KStW04MGry;Koszulka z nadrukiem Star Wars;L;Man;Grey;"5;12";55
KStW05MGry;Koszulka z nadrukiem Star Wars;XL;Man;Grey;"5;12";55
KStW01MRed;Koszulka z nadrukiem Star Wars;XS;Man;Red;"5;12";55
KStW02MRed;Koszulka z nadrukiem Star Wars;S;Man;Red;"5;12";55
KStW03MRed;Koszulka z nadrukiem Star Wars;M;Man;Red;"5;12";55
KStW04MRed;Koszulka z nadrukiem Star Wars;L;Man;Red;"5;12";55
KStW05MRed;Koszulka z nadrukiem Star Wars;XL;Man;Red;"5;12";55
KStW01MBlu;Koszulka z nadrukiem Star Wars;XS;Man;Blue;"5;12";55
KStW02MBlu;Koszulka z nadrukiem Star Wars;S;Man;Blue;"5;12";55
KStW03MBlu;Koszulka z nadrukiem Star Wars;M;Man;Blue;"5;12";55
KStW04MBlu;Koszulka z nadrukiem Star Wars;L;Man;Blue;"5;12";55
KStW05MBlu;Koszulka z nadrukiem Star Wars;XL;Man;Blue;"5;12";55
KHaP01WBla;Koszulka z nadrukiem Star Wars;XS;Woman;Black;"5;13";53
KHaP02WBla;Koszulka z nadrukiem Harry Potter;S;Woman;Black;"5;13";53
KHaP03WBla;Koszulka z nadrukiem Harry Potter;M;Woman;Black;"5;13";53
KHaP04WBla;Koszulka z nadrukiem Harry Potter;L;Woman;Black;"5;13";53
KHaP05WBla;Koszulka z nadrukiem Harry Potter;XL;Woman;Black;"5;13";53
KHaP01WWhi;Koszulka z nadrukiem Harry Potter;XS;Woman;White;"5;13";53
KHaP02WWhi;Koszulka z nadrukiem Harry Potter;S;Woman;White;"5;13";53
KHaP03WWhi;Koszulka z nadrukiem Harry Potter;M;Woman;White;"5;13";53
KHaP04WWhi;Koszulka z nadrukiem Harry Potter;L;Woman;White;"5;13";53
KHaP05WWhi;Koszulka z nadrukiem Harry Potter;XL;Woman;White;"5;13";53
KHaP01WGry;Koszulka z nadrukiem Harry Potter;XS;Woman;Grey;"5;13";53
KHaP02WGry;Koszulka z nadrukiem Harry Potter;S;Woman;Grey;"5;13";53
KHaP03WGry;Koszulka z nadrukiem Harry Potter;M;Woman;Grey;"5;13";53
KHaP04WGry;Koszulka z nadrukiem Harry Potter;L;Woman;Grey;"5;13";53
KHaP05WGry;Koszulka z nadrukiem Harry Potter;XL;Woman;Grey;"5;13";53
KHaP01WRed;Koszulka z nadrukiem Harry Potter;XS;Woman;Red;"5;13";53
KHaP02WRed;Koszulka z nadrukiem Harry Potter;S;Woman;Red;"5;13";53
KHaP03WRed;Koszulka z nadrukiem Harry Potter;M;Woman;Red;"5;13";53
KHaP04WRed;Koszulka z nadrukiem Harry Potter;L;Woman;Red;"5;13";53
KHaP05WRed;Koszulka z nadrukiem Harry Potter;XL;Woman;Red;"5;13";53
KHaP01WGrn;Koszulka z nadrukiem Harry Potter;XS;Woman;Green;"5;13";53
KHaP02WGrn;Koszulka z nadrukiem Harry Potter;S;Woman;Green;"5;13";53
KHaP03WGrn;Koszulka z nadrukiem Harry Potter;M;Woman;Green;"5;13";53
KHaP04WGrn;Koszulka z nadrukiem Harry Potter;L;Woman;Green;"5;13";53
KHaP05WGrn;Koszulka z nadrukiem Harry Potter;XL;Woman;Green;"5;13";53
KHaP01MBla;Koszulka z nadrukiem Harry Potter;XS;Man;Black;"5;13";53
KHaP02MBla;Koszulka z nadrukiem Harry Potter;S;Man;Black;"5;13";53
KHaP03MBla;Koszulka z nadrukiem Harry Potter;M;Man;Black;"5;13";53
KHaP04MBla;Koszulka z nadrukiem Harry Potter;L;Man;Black;"5;13";53
KHaP05MBla;Koszulka z nadrukiem Harry Potter;XL;Man;Black;"5;13";53
KHaP01MWhi;Koszulka z nadrukiem Harry Potter;XS;Man;White;"5;13";53
KHaP02MWhi;Koszulka z nadrukiem Harry Potter;S;Man;White;"5;13";53
KHaP03MWhi;Koszulka z nadrukiem Harry Potter;M;Man;White;"5;13";53
KHaP04MWhi;Koszulka z nadrukiem Harry Potter;L;Man;White;"5;13";53
KHaP05MWhi;Koszulka z nadrukiem Harry Potter;XL;Man;White;"5;13";53
KHaP01MGry;Koszulka z nadrukiem Harry Potter;XS;Man;Grey;"5;13";53
KHaP02MGry;Koszulka z nadrukiem Harry Potter;S;Man;Grey;"5;13";53
KHaP03MGry;Koszulka z nadrukiem Harry Potter;M;Man;Grey;"5;13";53
KHaP04MGry;Koszulka z nadrukiem Harry Potter;L;Man;Grey;"5;13";53
KHaP05MGry;Koszulka z nadrukiem Harry Potter;XL;Man;Grey;"5;13";53
KHaP01MRed;Koszulka z nadrukiem Harry Potter;XS;Man;Red;"5;13";53
KHaP02MRed;Koszulka z nadrukiem Harry Potter;S;Man;Red;"5;13";53
KHaP03MRed;Koszulka z nadrukiem Harry Potter;M;Man;Red;"5;13";53
KHaP04MRed;Koszulka z nadrukiem Harry Potter;L;Man;Red;"5;13";53
KHaP05MRed;Koszulka z nadrukiem Harry Potter;XL;Man;Red;"5;13";53
KHaP01MGrn;Koszulka z nadrukiem Harry Potter;XS;Man;Green;"5;13";53
KHaP02MGrn;Koszulka z nadrukiem Harry Potter;S;Man;Green;"5;13";53
KHaP03MGrn;Koszulka z nadrukiem Harry Potter;M;Man;Green;"5;13";53
KHaP04MGrn;Koszulka z nadrukiem Harry Potter;L;Man;Green;"5;13";53
KHaP05MGrn;Koszulka z nadrukiem Harry Potter;XL;Man;Green;"5;13";53
KThS01WBla;Koszulka z nadrukiem Harry Potter;XS;Woman;Black;"5;14";51
KThS02WBla;Koszulka z nadrukiem The Simpsons;S;Woman;Black;"5;14";51
KThS03WBla;Koszulka z nadrukiem The Simpsons;M;Woman;Black;"5;14";51
KThS04WBla;Koszulka z nadrukiem The Simpsons;L;Woman;Black;"5;14";51
KThS05WBla;Koszulka z nadrukiem The Simpsons;XL;Woman;Black;"5;14";51
KThS01WWhi;Koszulka z nadrukiem The Simpsons;XS;Woman;White;"5;14";51
KThS02WWhi;Koszulka z nadrukiem The Simpsons;S;Woman;White;"5;14";51
KThS03WWhi;Koszulka z nadrukiem The Simpsons;M;Woman;White;"5;14";51
KThS04WWhi;Koszulka z nadrukiem The Simpsons;L;Woman;White;"5;14";51
KThS05WWhi;Koszulka z nadrukiem The Simpsons;XL;Woman;White;"5;14";51
KThS01WLBl;Koszulka z nadrukiem The Simpsons;XS;Woman;Light Blue;"5;14";51
KThS02WLBl;Koszulka z nadrukiem The Simpsons;S;Woman;Light Blue;"5;14";51
KThS03WLBl;Koszulka z nadrukiem The Simpsons;M;Woman;Light Blue;"5;14";51
KThS04WLBl;Koszulka z nadrukiem The Simpsons;L;Woman;Light Blue;"5;14";51
KThS05WLBl;Koszulka z nadrukiem The Simpsons;XL;Woman;Light Blue;"5;14";51
KThS01WPin;Koszulka z nadrukiem The Simpsons;XS;Woman;Pink;"5;14";51
KThS02WPin;Koszulka z nadrukiem The Simpsons;S;Woman;Pink;"5;14";51
KThS03WPin;Koszulka z nadrukiem The Simpsons;M;Woman;Pink;"5;14";51
KThS04WPin;Koszulka z nadrukiem The Simpsons;L;Woman;Pink;"5;14";51
KThS05WPin;Koszulka z nadrukiem The Simpsons;XL;Woman;Pink;"5;14";51
KThS01WRed;Koszulka z nadrukiem The Simpsons;XS;Woman;Red;"5;14";51
KThS02WRed;Koszulka z nadrukiem The Simpsons;S;Woman;Red;"5;14";51
KThS03WRed;Koszulka z nadrukiem The Simpsons;M;Woman;Red;"5;14";51
KThS04WRed;Koszulka z nadrukiem The Simpsons;L;Woman;Red;"5;14";51
KThS05WRed;Koszulka z nadrukiem The Simpsons;XL;Woman;Red;"5;14";51
KThS01MBla;Koszulka z nadrukiem The Simpsons;XS;Man;Black;"5;14";51
KThS02MBla;Koszulka z nadrukiem The Simpsons;S;Man;Black;"5;14";51
KThS03MBla;Koszulka z nadrukiem The Simpsons;M;Man;Black;"5;14";51
KThS04MBla;Koszulka z nadrukiem The Simpsons;L;Man;Black;"5;14";51
KThS05MBla;Koszulka z nadrukiem The Simpsons;XL;Man;Black;"5;14";51
KThS01MWhi;Koszulka z nadrukiem The Simpsons;XS;Man;White;"5;14";51
KThS02MWhi;Koszulka z nadrukiem The Simpsons;S;Man;White;"5;14";51
KThS03MWhi;Koszulka z nadrukiem The Simpsons;M;Man;White;"5;14";51
KThS04MWhi;Koszulka z nadrukiem The Simpsons;L;Man;White;"5;14";51
KThS05MWhi;Koszulka z nadrukiem The Simpsons;XL;Man;White;"5;14";51
KThS01MLBl;Koszulka z nadrukiem The Simpsons;XS;Man;Light Blue;"5;14";51
KThS02MLBl;Koszulka z nadrukiem The Simpsons;S;Man;Light Blue;"5;14";51
KThS03MLBl;Koszulka z nadrukiem The Simpsons;M;Man;Light Blue;"5;14";51
KThS04MLBl;Koszulka z nadrukiem The Simpsons;L;Man;Light Blue;"5;14";51
KThS05MLBl;Koszulka z nadrukiem The Simpsons;XL;Man;Light Blue;"5;14";51
KThS01MPin;Koszulka z nadrukiem The Simpsons;XS;Man;Pink;"5;14";51
KThS02MPin;Koszulka z nadrukiem The Simpsons;S;Man;Pink;"5;14";51
KThS03MPin;Koszulka z nadrukiem The Simpsons;M;Man;Pink;"5;14";51
KThS04MPin;Koszulka z nadrukiem The Simpsons;L;Man;Pink;"5;14";51
KThS05MPin;Koszulka z nadrukiem The Simpsons;XL;Man;Pink;"5;14";51
KThS01MRed;Koszulka z nadrukiem The Simpsons;XS;Man;Red;"5;14";51
KThS02MRed;Koszulka z nadrukiem The Simpsons;S;Man;Red;"5;14";51
KThS03MRed;Koszulka z nadrukiem The Simpsons;M;Man;Red;"5;14";51
KThS04MRed;Koszulka z nadrukiem The Simpsons;L;Man;Red;"5;14";51
KThS05MRed;Koszulka z nadrukiem The Simpsons;XL;Man;Red;"5;14";51
KIrM01WBla;Koszulka z nadrukiem The Simpsons;XS;Woman;Black;"5;15";53
KIrM02WBla;Koszulka z nadrukiem Iron Maiden;S;Woman;Black;"5;15";53
KIrM03WBla;Koszulka z nadrukiem Iron Maiden;M;Woman;Black;"5;15";53
KIrM04WBla;Koszulka z nadrukiem Iron Maiden;L;Woman;Black;"5;15";53
KIrM05WBla;Koszulka z nadrukiem Iron Maiden;XL;Woman;Black;"5;15";53
KIrM01WGry;Koszulka z nadrukiem Iron Maiden;XS;Woman;Grey;"5;15";53
KIrM02WGry;Koszulka z nadrukiem Iron Maiden;S;Woman;Grey;"5;15";53
KIrM03WGry;Koszulka z nadrukiem Iron Maiden;M;Woman;Grey;"5;15";53
KIrM04WGry;Koszulka z nadrukiem Iron Maiden;L;Woman;Grey;"5;15";53
KIrM05WGry;Koszulka z nadrukiem Iron Maiden;XL;Woman;Grey;"5;15";53
KIrM01MBla;Koszulka z nadrukiem Iron Maiden;XS;Man;Black;"5;15";53
KIrM02MBla;Koszulka z nadrukiem Iron Maiden;S;Man;Black;"5;15";53
KIrM03MBla;Koszulka z nadrukiem Iron Maiden;M;Man;Black;"5;15";53
KIrM04MBla;Koszulka z nadrukiem Iron Maiden;L;Man;Black;"5;15";53
KIrM05MBla;Koszulka z nadrukiem Iron Maiden;XL;Man;Black;"5;15";53
KIrM01MGry;Koszulka z nadrukiem Iron Maiden;XS;Man;Grey;"5;15";53
KIrM02MGry;Koszulka z nadrukiem Iron Maiden;S;Man;Grey;"5;15";53
KIrM03MGry;Koszulka z nadrukiem Iron Maiden;M;Man;Grey;"5;15";53
KIrM04MGry;Koszulka z nadrukiem Iron Maiden;L;Man;Grey;"5;15";53
KIrM05MGry;Koszulka z nadrukiem Iron Maiden;XL;Man;Grey;"5;15";53
KLeZ01WBla;Koszulka z nadrukiem Iron Maiden;XS;Woman;Black;"5;16";54
KLeZ02WBla;Koszulka z nadrukiem Led Zeppelin;S;Woman;Black;"5;16";54
KLeZ03WBla;Koszulka z nadrukiem Led Zeppelin;M;Woman;Black;"5;16";54
KLeZ04WBla;Koszulka z nadrukiem Led Zeppelin;L;Woman;Black;"5;16";54
KLeZ05WBla;Koszulka z nadrukiem Led Zeppelin;XL;Woman;Black;"5;16";54
KLeZ01WGry;Koszulka z nadrukiem Led Zeppelin;XS;Woman;Grey;"5;16";54
KLeZ02WGry;Koszulka z nadrukiem Led Zeppelin;S;Woman;Grey;"5;16";54
KLeZ03WGry;Koszulka z nadrukiem Led Zeppelin;M;Woman;Grey;"5;16";54
KLeZ04WGry;Koszulka z nadrukiem Led Zeppelin;L;Woman;Grey;"5;16";54
KLeZ05WGry;Koszulka z nadrukiem Led Zeppelin;XL;Woman;Grey;"5;16";54
KLeZ01MBla;Koszulka z nadrukiem Led Zeppelin;XS;Man;Black;"5;16";54
KLeZ02MBla;Koszulka z nadrukiem Led Zeppelin;S;Man;Black;"5;16";54
KLeZ03MBla;Koszulka z nadrukiem Led Zeppelin;M;Man;Black;"5;16";54
KLeZ04MBla;Koszulka z nadrukiem Led Zeppelin;L;Man;Black;"5;16";54
KLeZ05MBla;Koszulka z nadrukiem Led Zeppelin;XL;Man;Black;"5;16";54
KLeZ01MGry;Koszulka z nadrukiem Led Zeppelin;XS;Man;Grey;"5;16";54
KLeZ02MGry;Koszulka z nadrukiem Led Zeppelin;S;Man;Grey;"5;16";54
KLeZ03MGry;Koszulka z nadrukiem Led Zeppelin;M;Man;Grey;"5;16";54
KLeZ04MGry;Koszulka z nadrukiem Led Zeppelin;L;Man;Grey;"5;16";54
KLeZ05MGry;Koszulka z nadrukiem Led Zeppelin;XL;Man;Grey;"5;16";54
KQeN01WWhi;Koszulka z nadrukiem Led Zeppelin;XS;Woman;White;"5;17";55
KQeN02WWhi;Koszulka z nadrukiem Queen;S;Woman;White;"5;17";55
KQeN03WWhi;Koszulka z nadrukiem Queen;M;Woman;White;"5;17";55
KQeN04WWhi;Koszulka z nadrukiem Queen;L;Woman;White;"5;17";55
KQeN05WWhi;Koszulka z nadrukiem Queen;XL;Woman;White;"5;17";55
KQeN01WBla;Koszulka z nadrukiem Queen;XS;Woman;Black;"5;17";55
KQeN02WBla;Koszulka z nadrukiem Queen;S;Woman;Black;"5;17";55
KQeN03WBla;Koszulka z nadrukiem Queen;M;Woman;Black;"5;17";55
KQeN04WBla;Koszulka z nadrukiem Queen;L;Woman;Black;"5;17";55
KQeN05WBla;Koszulka z nadrukiem Queen;XL;Woman;Black;"5;17";55
KQeN01WGry;Koszulka z nadrukiem Queen;XS;Woman;Grey;"5;17";55
KQeN02WGry;Koszulka z nadrukiem Queen;S;Woman;Grey;"5;17";55
KQeN03WGry;Koszulka z nadrukiem Queen;M;Woman;Grey;"5;17";55
KQeN04WGry;Koszulka z nadrukiem Queen;L;Woman;Grey;"5;17";55
KQeN05WGry;Koszulka z nadrukiem Queen;XL;Woman;Grey;"5;17";55
KQeN01MWhi;Koszulka z nadrukiem Queen;XS;Man;White;"5;17";55
KQeN02MWhi;Koszulka z nadrukiem Queen;S;Man;White;"5;17";55
KQeN03MWhi;Koszulka z nadrukiem Queen;M;Man;White;"5;17";55
KQeN04MWhi;Koszulka z nadrukiem Queen;L;Man;White;"5;17";55
KQeN05MWhi;Koszulka z nadrukiem Queen;XL;Man;White;"5;17";55
KQeN01MBla;Koszulka z nadrukiem Queen;XS;Man;Black;"5;17";55
KQeN02MBla;Koszulka z nadrukiem Queen;S;Man;Black;"5;17";55
KQeN03MBla;Koszulka z nadrukiem Queen;M;Man;Black;"5;17";55
KQeN04MBla;Koszulka z nadrukiem Queen;L;Man;Black;"5;17";55
KQeN05MBla;Koszulka z nadrukiem Queen;XL;Man;Black;"5;17";55
KQeN01MGry;Koszulka z nadrukiem Queen;XS;Man;Grey;"5;17";55
KQeN02MGry;Koszulka z nadrukiem Queen;S;Man;Grey;"5;17";55
KQeN03MGry;Koszulka z nadrukiem Queen;M;Man;Grey;"5;17";55
KQeN04MGry;Koszulka z nadrukiem Queen;L;Man;Grey;"5;17";55
KQeN05MGry;Koszulka z nadrukiem Queen;XL;Man;Grey;"5;17";55
KCzK01WBla;Koszulka z nadrukiem Queen;XS;Woman;Black;"5;18";48
KCzK02WBla;Koszulka z nadrukiem Czaszka;S;Woman;Black;"5;18";48
KCzK03WBla;Koszulka z nadrukiem Czaszka;M;Woman;Black;"5;18";48
KCzK04WBla;Koszulka z nadrukiem Czaszka;L;Woman;Black;"5;18";48
KCzK05WBla;Koszulka z nadrukiem Czaszka;XL;Woman;Black;"5;18";48
KCzK01WWhi;Koszulka z nadrukiem Czaszka;XS;Woman;White;"5;18";48
KCzK02WWhi;Koszulka z nadrukiem Czaszka;S;Woman;White;"5;18";48
KCzK03WWhi;Koszulka z nadrukiem Czaszka;M;Woman;White;"5;18";48
KCzK04WWhi;Koszulka z nadrukiem Czaszka;L;Woman;White;"5;18";48
KCzK05WWhi;Koszulka z nadrukiem Czaszka;XL;Woman;White;"5;18";48
KCzK01MBla;Koszulka z nadrukiem Czaszka;XS;Man;Black;"5;18";48
KCzK02MBla;Koszulka z nadrukiem Czaszka;S;Man;Black;"5;18";48
KCzK03MBla;Koszulka z nadrukiem Czaszka;M;Man;Black;"5;18";48
KCzK04MBla;Koszulka z nadrukiem Czaszka;L;Man;Black;"5;18";48
KCzK05MBla;Koszulka z nadrukiem Czaszka;XL;Man;Black;"5;18";48
KCzK01MWhi;Koszulka z nadrukiem Czaszka;XS;Man;White;"5;18";48
KCzK02MWhi;Koszulka z nadrukiem Czaszka;S;Man;White;"5;18";48
KCzK03MWhi;Koszulka z nadrukiem Czaszka;M;Man;White;"5;18";48
KCzK04MWhi;Koszulka z nadrukiem Czaszka;L;Man;White;"5;18";48
KCzK05MWhi;Koszulka z nadrukiem Czaszka;XL;Man;White;"5;18";48
KSeC01WBla;Koszulka z nadrukiem Czaszka;XS;Woman;Black;"5;19";49
KSeC02WBla;Koszulka z nadrukiem Serce;S;Woman;Black;"5;19";49
KSeC03WBla;Koszulka z nadrukiem Serce;M;Woman;Black;"5;19";49
KSeC04WBla;Koszulka z nadrukiem Serce;L;Woman;Black;"5;19";49
KSeC05WBla;Koszulka z nadrukiem Serce;XL;Woman;Black;"5;19";49
KSeC01WPin;Koszulka z nadrukiem Serce;XS;Woman;Pink;"5;19";49
KSeC02WPin;Koszulka z nadrukiem Serce;S;Woman;Pink;"5;19";49
KSeC03WPin;Koszulka z nadrukiem Serce;M;Woman;Pink;"5;19";49
KSeC04WPin;Koszulka z nadrukiem Serce;L;Woman;Pink;"5;19";49
KSeC05WPin;Koszulka z nadrukiem Serce;XL;Woman;Pink;"5;19";49
KSeC01WRed;Koszulka z nadrukiem Serce;XS;Woman;Red;"5;19";49
KSeC02WRed;Koszulka z nadrukiem Serce;S;Woman;Red;"5;19";49
KSeC03WRed;Koszulka z nadrukiem Serce;M;Woman;Red;"5;19";49
KSeC04WRed;Koszulka z nadrukiem Serce;L;Woman;Red;"5;19";49
KSeC05WRed;Koszulka z nadrukiem Serce;XL;Woman;Red;"5;19";49
KSeC01MBla;Koszulka z nadrukiem Serce;XS;Man;Black;"5;19";49
KSeC02MBla;Koszulka z nadrukiem Serce;S;Man;Black;"5;19";49
KSeC03MBla;Koszulka z nadrukiem Serce;M;Man;Black;"5;19";49
KSeC04MBla;Koszulka z nadrukiem Serce;L;Man;Black;"5;19";49
KSeC05MBla;Koszulka z nadrukiem Serce;XL;Man;Black;"5;19";49
KSeC01MPin;Koszulka z nadrukiem Serce;XS;Man;Pink;"5;19";49
KSeC02MPin;Koszulka z nadrukiem Serce;S;Man;Pink;"5;19";49
KSeC03MPin;Koszulka z nadrukiem Serce;M;Man;Pink;"5;19";49
KSeC04MPin;Koszulka z nadrukiem Serce;L;Man;Pink;"5;19";49
KSeC05MPin;Koszulka z nadrukiem Serce;XL;Man;Pink;"5;19";49
KSeC01MRed;Koszulka z nadrukiem Serce;XS;Man;Red;"5;19";49
KSeC02MRed;Koszulka z nadrukiem Serce;S;Man;Red;"5;19";49
KSeC03MRed;Koszulka z nadrukiem Serce;M;Man;Red;"5;19";49
KSeC04MRed;Koszulka z nadrukiem Serce;L;Man;Red;"5;19";49
KSeC05MRed;Koszulka z nadrukiem Serce;XL;Man;Red;"5;19";49
KPlS01WBlu;Koszulka z nadrukiem Serce;XS;Woman;Blue;"5;20";50
KPlS02WBlu;Koszulka z nadrukiem Płatki śniegu;S;Woman;Blue;"5;20";50
KPlS03WBlu;Koszulka z nadrukiem Płatki śniegu;M;Woman;Blue;"5;20";50
KPlS04WBlu;Koszulka z nadrukiem Płatki śniegu;L;Woman;Blue;"5;20";50
KPlS05WBlu;Koszulka z nadrukiem Płatki śniegu;XL;Woman;Blue;"5;20";50
KPlS01WLBl;Koszulka z nadrukiem Płatki śniegu;XS;Woman;Light Blue;"5;20";50
KPlS02WLBl;Koszulka z nadrukiem Płatki śniegu;S;Woman;Light Blue;"5;20";50
KPlS03WLBl;Koszulka z nadrukiem Płatki śniegu;M;Woman;Light Blue;"5;20";50
KPlS04WLBl;Koszulka z nadrukiem Płatki śniegu;L;Woman;Light Blue;"5;20";50
KPlS05WLBl;Koszulka z nadrukiem Płatki śniegu;XL;Woman;Light Blue;"5;20";50
KPlS01WWhi;Koszulka z nadrukiem Płatki śniegu;XS;Woman;White;"5;20";50
KPlS02WWhi;Koszulka z nadrukiem Płatki śniegu;S;Woman;White;"5;20";50
KPlS03WWhi;Koszulka z nadrukiem Płatki śniegu;M;Woman;White;"5;20";50
KPlS04WWhi;Koszulka z nadrukiem Płatki śniegu;L;Woman;White;"5;20";50
KPlS05WWhi;Koszulka z nadrukiem Płatki śniegu;XL;Woman;White;"5;20";50
KPlS01MBlu;Koszulka z nadrukiem Płatki śniegu;XS;Man;Blue;"5;20";50
KPlS02MBlu;Koszulka z nadrukiem Płatki śniegu;S;Man;Blue;"5;20";50
KPlS03MBlu;Koszulka z nadrukiem Płatki śniegu;M;Man;Blue;"5;20";50
KPlS04MBlu;Koszulka z nadrukiem Płatki śniegu;L;Man;Blue;"5;20";50
KPlS05MBlu;Koszulka z nadrukiem Płatki śniegu;XL;Man;Blue;"5;20";50
KPlS01MLBl;Koszulka z nadrukiem Płatki śniegu;XS;Man;Light Blue;"5;20";50
KPlS02MLBl;Koszulka z nadrukiem Płatki śniegu;S;Man;Light Blue;"5;20";50
KPlS03MLBl;Koszulka z nadrukiem Płatki śniegu;M;Man;Light Blue;"5;20";50
KPlS04MLBl;Koszulka z nadrukiem Płatki śniegu;L;Man;Light Blue;"5;20";50
KPlS05MLBl;Koszulka z nadrukiem Płatki śniegu;XL;Man;Light Blue;"5;20";50
KPlS01MWhi;Koszulka z nadrukiem Płatki śniegu;XS;Man;White;"5;20";50
KPlS02MWhi;Koszulka z nadrukiem Płatki śniegu;S;Man;White;"5;20";50
KPlS03MWhi;Koszulka z nadrukiem Płatki śniegu;M;Man;White;"5;20";50
KPlS04MWhi;Koszulka z nadrukiem Płatki śniegu;L;Man;White;"5;20";50
KPlS05MWhi;Koszulka z nadrukiem Płatki śniegu;XL;Man;White;"5;20";50
BStW01WBla;Bluza z nadrukiem Star Wars;XS;Woman;Black;"4;12";60
BStW02WBla;Bluza z nadrukiem Star Wars;S;Woman;Black;"4;12";60
BStW03WBla;Bluza z nadrukiem Star Wars;M;Woman;Black;"4;12";60
BStW04WBla;Bluza z nadrukiem Star Wars;L;Woman;Black;"4;12";60
BStW05WBla;Bluza z nadrukiem Star Wars;XL;Woman;Black;"4;12";60
BStW01WWhi;Bluza z nadrukiem Star Wars;XS;Woman;White;"4;12";60
BStW02WWhi;Bluza z nadrukiem Star Wars;S;Woman;White;"4;12";60
BStW03WWhi;Bluza z nadrukiem Star Wars;M;Woman;White;"4;12";60
BStW04WWhi;Bluza z nadrukiem Star Wars;L;Woman;White;"4;12";60
BStW05WWhi;Bluza z nadrukiem Star Wars;XL;Woman;White;"4;12";60
BStW01WGry;Bluza z nadrukiem Star Wars;XS;Woman;Grey;"4;12";60
BStW02WGry;Bluza z nadrukiem Star Wars;S;Woman;Grey;"4;12";60
BStW03WGry;Bluza z nadrukiem Star Wars;M;Woman;Grey;"4;12";60
BStW04WGry;Bluza z nadrukiem Star Wars;L;Woman;Grey;"4;12";60
BStW05WGry;Bluza z nadrukiem Star Wars;XL;Woman;Grey;"4;12";60
BStW01WPin;Bluza z nadrukiem Star Wars;XS;Woman;Pink;"4;12";60
BStW02WPin;Bluza z nadrukiem Star Wars;S;Woman;Pink;"4;12";60
BStW03WPin;Bluza z nadrukiem Star Wars;M;Woman;Pink;"4;12";60
BStW04WPin;Bluza z nadrukiem Star Wars;L;Woman;Pink;"4;12";60
BStW05WPin;Bluza z nadrukiem Star Wars;XL;Woman;Pink;"4;12";60
BStW01WLBl;Bluza z nadrukiem Star Wars;XS;Woman;Light Blue;"4;12";60
BStW02WLBl;Bluza z nadrukiem Star Wars;S;Woman;Light Blue;"4;12";60
BStW03WLBl;Bluza z nadrukiem Star Wars;M;Woman;Light Blue;"4;12";60
BStW04WLBl;Bluza z nadrukiem Star Wars;L;Woman;Light Blue;"4;12";60
BStW05WLBl;Bluza z nadrukiem Star Wars;XL;Woman;Light Blue;"4;12";60
BStW01MBla;Bluza z nadrukiem Star Wars;XS;Man;Black;"4;12";60
BStW02MBla;Bluza z nadrukiem Star Wars;S;Man;Black;"4;12";60
BStW03MBla;Bluza z nadrukiem Star Wars;M;Man;Black;"4;12";60
BStW04MBla;Bluza z nadrukiem Star Wars;L;Man;Black;"4;12";60
BStW05MBla;Bluza z nadrukiem Star Wars;XL;Man;Black;"4;12";60
BStW01MWhi;Bluza z nadrukiem Star Wars;XS;Man;White;"4;12";60
BStW02MWhi;Bluza z nadrukiem Star Wars;S;Man;White;"4;12";60
BStW03MWhi;Bluza z nadrukiem Star Wars;M;Man;White;"4;12";60
BStW04MWhi;Bluza z nadrukiem Star Wars;L;Man;White;"4;12";60
BStW05MWhi;Bluza z nadrukiem Star Wars;XL;Man;White;"4;12";60
BStW01MGry;Bluza z nadrukiem Star Wars;XS;Man;Grey;"4;12";60
BStW02MGry;Bluza z nadrukiem Star Wars;S;Man;Grey;"4;12";60
BStW03MGry;Bluza z nadrukiem Star Wars;M;Man;Grey;"4;12";60
BStW04MGry;Bluza z nadrukiem Star Wars;L;Man;Grey;"4;12";60
BStW05MGry;Bluza z nadrukiem Star Wars;XL;Man;Grey;"4;12";60
BStW01MRed;Bluza z nadrukiem Star Wars;XS;Man;Red;"4;12";60
BStW02MRed;Bluza z nadrukiem Star Wars;S;Man;Red;"4;12";60
BStW03MRed;Bluza z nadrukiem Star Wars;M;Man;Red;"4;12";60
BStW04MRed;Bluza z nadrukiem Star Wars;L;Man;Red;"4;12";60
BStW05MRed;Bluza z nadrukiem Star Wars;XL;Man;Red;"4;12";60
BStW01MBlu;Bluza z nadrukiem Star Wars;XS;Man;Blue;"4;12";60
BStW02MBlu;Bluza z nadrukiem Star Wars;S;Man;Blue;"4;12";60
BStW03MBlu;Bluza z nadrukiem Star Wars;M;Man;Blue;"4;12";60
BStW04MBlu;Bluza z nadrukiem Star Wars;L;Man;Blue;"4;12";60
BStW05MBlu;Bluza z nadrukiem Star Wars;XL;Man;Blue;"4;12";60
BHaP01WBla;Bluza z nadrukiem Harry Potter;XS;Woman;Black;"4;13";58
BHaP02WBla;Bluza z nadrukiem Harry Potter;S;Woman;Black;"4;13";58
BHaP03WBla;Bluza z nadrukiem Harry Potter;M;Woman;Black;"4;13";58
BHaP04WBla;Bluza z nadrukiem Harry Potter;L;Woman;Black;"4;13";58
BHaP05WBla;Bluza z nadrukiem Harry Potter;XL;Woman;Black;"4;13";58
BHaP01WWhi;Bluza z nadrukiem Harry Potter;XS;Woman;White;"4;13";58
BHaP02WWhi;Bluza z nadrukiem Harry Potter;S;Woman;White;"4;13";58
BHaP03WWhi;Bluza z nadrukiem Harry Potter;M;Woman;White;"4;13";58
BHaP04WWhi;Bluza z nadrukiem Harry Potter;L;Woman;White;"4;13";58
BHaP05WWhi;Bluza z nadrukiem Harry Potter;XL;Woman;White;"4;13";58
BHaP01WGry;Bluza z nadrukiem Harry Potter;XS;Woman;Grey;"4;13";58
BHaP02WGry;Bluza z nadrukiem Harry Potter;S;Woman;Grey;"4;13";58
BHaP03WGry;Bluza z nadrukiem Harry Potter;M;Woman;Grey;"4;13";58
BHaP04WGry;Bluza z nadrukiem Harry Potter;L;Woman;Grey;"4;13";58
BHaP05WGry;Bluza z nadrukiem Harry Potter;XL;Woman;Grey;"4;13";58
BHaP01WPin;Bluza z nadrukiem Harry Potter;XS;Woman;Pink;"4;13";58
BHaP02WPin;Bluza z nadrukiem Harry Potter;S;Woman;Pink;"4;13";58
BHaP03WPin;Bluza z nadrukiem Harry Potter;M;Woman;Pink;"4;13";58
BHaP04WPin;Bluza z nadrukiem Harry Potter;L;Woman;Pink;"4;13";58
BHaP05WPin;Bluza z nadrukiem Harry Potter;XL;Woman;Pink;"4;13";58
BHaP01WLBl;Bluza z nadrukiem Harry Potter;XS;Woman;Light Blue;"4;13";58
BHaP02WLBl;Bluza z nadrukiem Harry Potter;S;Woman;Light Blue;"4;13";58
BHaP03WLBl;Bluza z nadrukiem Harry Potter;M;Woman;Light Blue;"4;13";58
BHaP04WLBl;Bluza z nadrukiem Harry Potter;L;Woman;Light Blue;"4;13";58
BHaP05WLBl;Bluza z nadrukiem Harry Potter;XL;Woman;Light Blue;"4;13";58
BHaP01MBla;Bluza z nadrukiem Harry Potter;XS;Man;Black;"4;13";58
BHaP02MBla;Bluza z nadrukiem Harry Potter;S;Man;Black;"4;13";58
BHaP03MBla;Bluza z nadrukiem Harry Potter;M;Man;Black;"4;13";58
BHaP04MBla;Bluza z nadrukiem Harry Potter;L;Man;Black;"4;13";58
BHaP05MBla;Bluza z nadrukiem Harry Potter;XL;Man;Black;"4;13";58
BHaP01MWhi;Bluza z nadrukiem Harry Potter;XS;Man;White;"4;13";58
BHaP02MWhi;Bluza z nadrukiem Harry Potter;S;Man;White;"4;13";58
BHaP03MWhi;Bluza z nadrukiem Harry Potter;M;Man;White;"4;13";58
BHaP04MWhi;Bluza z nadrukiem Harry Potter;L;Man;White;"4;13";58
BHaP05MWhi;Bluza z nadrukiem Harry Potter;XL;Man;White;"4;13";58
BHaP01MGry;Bluza z nadrukiem Harry Potter;XS;Man;Grey;"4;13";58
BHaP02MGry;Bluza z nadrukiem Harry Potter;S;Man;Grey;"4;13";58
BHaP03MGry;Bluza z nadrukiem Harry Potter;M;Man;Grey;"4;13";58
BHaP04MGry;Bluza z nadrukiem Harry Potter;L;Man;Grey;"4;13";58
BHaP05MGry;Bluza z nadrukiem Harry Potter;XL;Man;Grey;"4;13";58
BHaP01MRed;Bluza z nadrukiem Harry Potter;XS;Man;Red;"4;13";58
BHaP02MRed;Bluza z nadrukiem Harry Potter;S;Man;Red;"4;13";58
BHaP03MRed;Bluza z nadrukiem Harry Potter;M;Man;Red;"4;13";58
BHaP04MRed;Bluza z nadrukiem Harry Potter;L;Man;Red;"4;13";58
BHaP05MRed;Bluza z nadrukiem Harry Potter;XL;Man;Red;"4;13";58
BHaP01MBlu;Bluza z nadrukiem Harry Potter;XS;Man;Blue;"4;13";58
BHaP02MBlu;Bluza z nadrukiem Harry Potter;S;Man;Blue;"4;13";58
BHaP03MBlu;Bluza z nadrukiem Harry Potter;M;Man;Blue;"4;13";58
BHaP04MBlu;Bluza z nadrukiem Harry Potter;L;Man;Blue;"4;13";58
BHaP05MBlu;Bluza z nadrukiem Harry Potter;XL;Man;Blue;"4;13";58
BThS01WBla;Bluza z nadrukiem The Simpsons;XS;Woman;Black;"4;14";56
BThS02WBla;Bluza z nadrukiem The Simpsons;S;Woman;Black;"4;14";56
BThS03WBla;Bluza z nadrukiem The Simpsons;M;Woman;Black;"4;14";56
BThS04WBla;Bluza z nadrukiem The Simpsons;L;Woman;Black;"4;14";56
BThS05WBla;Bluza z nadrukiem The Simpsons;XL;Woman;Black;"4;14";56
BThS01WWhi;Bluza z nadrukiem The Simpsons;XS;Woman;White;"4;14";56
BThS02WWhi;Bluza z nadrukiem The Simpsons;S;Woman;White;"4;14";56
BThS03WWhi;Bluza z nadrukiem The Simpsons;M;Woman;White;"4;14";56
BThS04WWhi;Bluza z nadrukiem The Simpsons;L;Woman;White;"4;14";56
BThS05WWhi;Bluza z nadrukiem The Simpsons;XL;Woman;White;"4;14";56
BThS01WBlu;Bluza z nadrukiem The Simpsons;XS;Woman;Blue;"4;14";56
BThS02WBlu;Bluza z nadrukiem The Simpsons;S;Woman;Blue;"4;14";56
BThS03WBlu;Bluza z nadrukiem The Simpsons;M;Woman;Blue;"4;14";56
BThS04WBlu;Bluza z nadrukiem The Simpsons;L;Woman;Blue;"4;14";56
BThS05WBlu;Bluza z nadrukiem The Simpsons;XL;Woman;Blue;"4;14";56
BThS01WRed;Bluza z nadrukiem The Simpsons;XS;Woman;Red;"4;14";56
BThS02WRed;Bluza z nadrukiem The Simpsons;S;Woman;Red;"4;14";56
BThS03WRed;Bluza z nadrukiem The Simpsons;M;Woman;Red;"4;14";56
BThS04WRed;Bluza z nadrukiem The Simpsons;L;Woman;Red;"4;14";56
BThS05WRed;Bluza z nadrukiem The Simpsons;XL;Woman;Red;"4;14";56
BThS01MBla;Bluza z nadrukiem The Simpsons;XS;Man;Black;"4;14";56
BThS02MBla;Bluza z nadrukiem The Simpsons;S;Man;Black;"4;14";56
BThS03MBla;Bluza z nadrukiem The Simpsons;M;Man;Black;"4;14";56
BThS04MBla;Bluza z nadrukiem The Simpsons;L;Man;Black;"4;14";56
BThS05MBla;Bluza z nadrukiem The Simpsons;XL;Man;Black;"4;14";56
BThS01MWhi;Bluza z nadrukiem The Simpsons;XS;Man;White;"4;14";56
BThS02MWhi;Bluza z nadrukiem The Simpsons;S;Man;White;"4;14";56
BThS03MWhi;Bluza z nadrukiem The Simpsons;M;Man;White;"4;14";56
BThS04MWhi;Bluza z nadrukiem The Simpsons;L;Man;White;"4;14";56
BThS05MWhi;Bluza z nadrukiem The Simpsons;XL;Man;White;"4;14";56
BThS01MGry;Bluza z nadrukiem The Simpsons;XS;Man;Grey;"4;14";56
BThS02MGry;Bluza z nadrukiem The Simpsons;S;Man;Grey;"4;14";56
BThS03MGry;Bluza z nadrukiem The Simpsons;M;Man;Grey;"4;14";56
BThS04MGry;Bluza z nadrukiem The Simpsons;L;Man;Grey;"4;14";56
BThS05MGry;Bluza z nadrukiem The Simpsons;XL;Man;Grey;"4;14";56
BThS01MRed;Bluza z nadrukiem The Simpsons;XS;Man;Red;"4;14";56
BThS02MRed;Bluza z nadrukiem The Simpsons;S;Man;Red;"4;14";56
BThS03MRed;Bluza z nadrukiem The Simpsons;M;Man;Red;"4;14";56
BThS04MRed;Bluza z nadrukiem The Simpsons;L;Man;Red;"4;14";56
BThS05MRed;Bluza z nadrukiem The Simpsons;XL;Man;Red;"4;14";56
BThS01MBlu;Bluza z nadrukiem The Simpsons;XS;Man;Blue;"4;14";56
BThS02MBlu;Bluza z nadrukiem The Simpsons;S;Man;Blue;"4;14";56
BThS03MBlu;Bluza z nadrukiem The Simpsons;M;Man;Blue;"4;14";56
BThS04MBlu;Bluza z nadrukiem The Simpsons;L;Man;Blue;"4;14";56
BThS05MBlu;Bluza z nadrukiem The Simpsons;XL;Man;Blue;"4;14";56
BIrM01WBla;Bluza z nadrukiem Iron Maiden;XS;Woman;Black;"4;15";58
BIrM02WBla;Bluza z nadrukiem Iron Maiden;S;Woman;Black;"4;15";58
BIrM03WBla;Bluza z nadrukiem Iron Maiden;M;Woman;Black;"4;15";58
BIrM04WBla;Bluza z nadrukiem Iron Maiden;L;Woman;Black;"4;15";58
BIrM05WBla;Bluza z nadrukiem Iron Maiden;XL;Woman;Black;"4;15";58
BIrM01WWhi;Bluza z nadrukiem Iron Maiden;XS;Woman;White;"4;15";58
BIrM02WWhi;Bluza z nadrukiem Iron Maiden;S;Woman;White;"4;15";58
BIrM03WWhi;Bluza z nadrukiem Iron Maiden;M;Woman;White;"4;15";58
BIrM04WWhi;Bluza z nadrukiem Iron Maiden;L;Woman;White;"4;15";58
BIrM05WWhi;Bluza z nadrukiem Iron Maiden;XL;Woman;White;"4;15";58
BIrM01WGry;Bluza z nadrukiem Iron Maiden;XS;Woman;Grey;"4;15";58
BIrM02WGry;Bluza z nadrukiem Iron Maiden;S;Woman;Grey;"4;15";58
BIrM03WGry;Bluza z nadrukiem Iron Maiden;M;Woman;Grey;"4;15";58
BIrM04WGry;Bluza z nadrukiem Iron Maiden;L;Woman;Grey;"4;15";58
BIrM05WGry;Bluza z nadrukiem Iron Maiden;XL;Woman;Grey;"4;15";58
BIrM01MBla;Bluza z nadrukiem Iron Maiden;XS;Man;Black;"4;15";58
BIrM02MBla;Bluza z nadrukiem Iron Maiden;S;Man;Black;"4;15";58
BIrM03MBla;Bluza z nadrukiem Iron Maiden;M;Man;Black;"4;15";58
BIrM04MBla;Bluza z nadrukiem Iron Maiden;L;Man;Black;"4;15";58
BIrM05MBla;Bluza z nadrukiem Iron Maiden;XL;Man;Black;"4;15";58
BIrM01MWhi;Bluza z nadrukiem Iron Maiden;XS;Man;White;"4;15";58
BIrM02MWhi;Bluza z nadrukiem Iron Maiden;S;Man;White;"4;15";58
BIrM03MWhi;Bluza z nadrukiem Iron Maiden;M;Man;White;"4;15";58
BIrM04MWhi;Bluza z nadrukiem Iron Maiden;L;Man;White;"4;15";58
BIrM05MWhi;Bluza z nadrukiem Iron Maiden;XL;Man;White;"4;15";58
BIrM01MGry;Bluza z nadrukiem Iron Maiden;XS;Man;Grey;"4;15";58
BIrM02MGry;Bluza z nadrukiem Iron Maiden;S;Man;Grey;"4;15";58
BIrM03MGry;Bluza z nadrukiem Iron Maiden;M;Man;Grey;"4;15";58
BIrM04MGry;Bluza z nadrukiem Iron Maiden;L;Man;Grey;"4;15";58
BIrM05MGry;Bluza z nadrukiem Iron Maiden;XL;Man;Grey;"4;15";58
BLeZ01WBla;Bluza z nadrukiem Led Zeppelin;XS;Woman;Black;"4;16";59
BLeZ02WBla;Bluza z nadrukiem Led Zeppelin;S;Woman;Black;"4;16";59
BLeZ03WBla;Bluza z nadrukiem Led Zeppelin;M;Woman;Black;"4;16";59
BLeZ04WBla;Bluza z nadrukiem Led Zeppelin;L;Woman;Black;"4;16";59
BLeZ05WBla;Bluza z nadrukiem Led Zeppelin;XL;Woman;Black;"4;16";59
BLeZ01WRed;Bluza z nadrukiem Led Zeppelin;XS;Woman;Red;"4;16";59
BLeZ02WRed;Bluza z nadrukiem Led Zeppelin;S;Woman;Red;"4;16";59
BLeZ03WRed;Bluza z nadrukiem Led Zeppelin;M;Woman;Red;"4;16";59
BLeZ04WRed;Bluza z nadrukiem Led Zeppelin;L;Woman;Red;"4;16";59
BLeZ05WRed;Bluza z nadrukiem Led Zeppelin;XL;Woman;Red;"4;16";59
BLeZ01WGry;Bluza z nadrukiem Led Zeppelin;XS;Woman;Grey;"4;16";59
BLeZ02WGry;Bluza z nadrukiem Led Zeppelin;S;Woman;Grey;"4;16";59
BLeZ03WGry;Bluza z nadrukiem Led Zeppelin;M;Woman;Grey;"4;16";59
BLeZ04WGry;Bluza z nadrukiem Led Zeppelin;L;Woman;Grey;"4;16";59
BLeZ05WGry;Bluza z nadrukiem Led Zeppelin;XL;Woman;Grey;"4;16";59
BLeZ01MBla;Bluza z nadrukiem Led Zeppelin;XS;Man;Black;"4;16";59
BLeZ02MBla;Bluza z nadrukiem Led Zeppelin;S;Man;Black;"4;16";59
BLeZ03MBla;Bluza z nadrukiem Led Zeppelin;M;Man;Black;"4;16";59
BLeZ04MBla;Bluza z nadrukiem Led Zeppelin;L;Man;Black;"4;16";59
BLeZ05MBla;Bluza z nadrukiem Led Zeppelin;XL;Man;Black;"4;16";59
BLeZ01MWhi;Bluza z nadrukiem Led Zeppelin;XS;Man;White;"4;16";59
BLeZ02MWhi;Bluza z nadrukiem Led Zeppelin;S;Man;White;"4;16";59
BLeZ03MWhi;Bluza z nadrukiem Led Zeppelin;M;Man;White;"4;16";59
BLeZ04MWhi;Bluza z nadrukiem Led Zeppelin;L;Man;White;"4;16";59
BLeZ05MWhi;Bluza z nadrukiem Led Zeppelin;XL;Man;White;"4;16";59
BLeZ01MGry;Bluza z nadrukiem Led Zeppelin;XS;Man;Grey;"4;16";59
BLeZ02MGry;Bluza z nadrukiem Led Zeppelin;S;Man;Grey;"4;16";59
BLeZ03MGry;Bluza z nadrukiem Led Zeppelin;M;Man;Grey;"4;16";59
BLeZ04MGry;Bluza z nadrukiem Led Zeppelin;L;Man;Grey;"4;16";59
BLeZ05MGry;Bluza z nadrukiem Led Zeppelin;XL;Man;Grey;"4;16";59
BQeN01WBla;Bluza z nadrukiem Queen;XS;Woman;Black;"4;17";60
BQeN02WBla;Bluza z nadrukiem Queen;S;Woman;Black;"4;17";60
BQeN03WBla;Bluza z nadrukiem Queen;M;Woman;Black;"4;17";60
BQeN04WBla;Bluza z nadrukiem Queen;L;Woman;Black;"4;17";60
BQeN05WBla;Bluza z nadrukiem Queen;XL;Woman;Black;"4;17";60
BQeN01WRed;Bluza z nadrukiem Queen;XS;Woman;Red;"4;17";60
BQeN02WRed;Bluza z nadrukiem Queen;S;Woman;Red;"4;17";60
BQeN03WRed;Bluza z nadrukiem Queen;M;Woman;Red;"4;17";60
BQeN04WRed;Bluza z nadrukiem Queen;L;Woman;Red;"4;17";60
BQeN05WRed;Bluza z nadrukiem Queen;XL;Woman;Red;"4;17";60
BQeN01WGry;Bluza z nadrukiem Queen;XS;Woman;Grey;"4;17";60
BQeN02WGry;Bluza z nadrukiem Queen;S;Woman;Grey;"4;17";60
BQeN03WGry;Bluza z nadrukiem Queen;M;Woman;Grey;"4;17";60
BQeN04WGry;Bluza z nadrukiem Queen;L;Woman;Grey;"4;17";60
BQeN05WGry;Bluza z nadrukiem Queen;XL;Woman;Grey;"4;17";60
BQeN01MBla;Bluza z nadrukiem Queen;XS;Man;Black;"4;17";60
BQeN02MBla;Bluza z nadrukiem Queen;S;Man;Black;"4;17";60
BQeN03MBla;Bluza z nadrukiem Queen;M;Man;Black;"4;17";60
BQeN04MBla;Bluza z nadrukiem Queen;L;Man;Black;"4;17";60
BQeN05MBla;Bluza z nadrukiem Queen;XL;Man;Black;"4;17";60
BQeN01MWhi;Bluza z nadrukiem Queen;XS;Man;White;"4;17";60
BQeN02MWhi;Bluza z nadrukiem Queen;S;Man;White;"4;17";60
BQeN03MWhi;Bluza z nadrukiem Queen;M;Man;White;"4;17";60
BQeN04MWhi;Bluza z nadrukiem Queen;L;Man;White;"4;17";60
BQeN05MWhi;Bluza z nadrukiem Queen;XL;Man;White;"4;17";60
BQeN01MGry;Bluza z nadrukiem Queen;XS;Man;Grey;"4;17";60
BQeN02MGry;Bluza z nadrukiem Queen;S;Man;Grey;"4;17";60
BQeN03MGry;Bluza z nadrukiem Queen;M;Man;Grey;"4;17";60
BQeN04MGry;Bluza z nadrukiem Queen;L;Man;Grey;"4;17";60
BQeN05MGry;Bluza z nadrukiem Queen;XL;Man;Grey;"4;17";60
BCzK01WBla;Bluza z nadrukiem Czaszka;XS;Woman;Black;"4;18";53
BCzK02WBla;Bluza z nadrukiem Czaszka;S;Woman;Black;"4;18";53
BCzK03WBla;Bluza z nadrukiem Czaszka;M;Woman;Black;"4;18";53
BCzK04WBla;Bluza z nadrukiem Czaszka;L;Woman;Black;"4;18";53
BCzK05WBla;Bluza z nadrukiem Czaszka;XL;Woman;Black;"4;18";53
BCzK01WPin;Bluza z nadrukiem Czaszka;XS;Woman;Pink;"4;18";53
BCzK02WPin;Bluza z nadrukiem Czaszka;S;Woman;Pink;"4;18";53
BCzK03WPin;Bluza z nadrukiem Czaszka;M;Woman;Pink;"4;18";53
BCzK04WPin;Bluza z nadrukiem Czaszka;L;Woman;Pink;"4;18";53
BCzK05WPin;Bluza z nadrukiem Czaszka;XL;Woman;Pink;"4;18";53
BCzK01WGry;Bluza z nadrukiem Czaszka;XS;Woman;Grey;"4;18";53
BCzK02WGry;Bluza z nadrukiem Czaszka;S;Woman;Grey;"4;18";53
BCzK03WGry;Bluza z nadrukiem Czaszka;M;Woman;Grey;"4;18";53
BCzK04WGry;Bluza z nadrukiem Czaszka;L;Woman;Grey;"4;18";53
BCzK05WGry;Bluza z nadrukiem Czaszka;XL;Woman;Grey;"4;18";53
BCzK01MBla;Bluza z nadrukiem Czaszka;XS;Man;Black;"4;18";53
BCzK02MBla;Bluza z nadrukiem Czaszka;S;Man;Black;"4;18";53
BCzK03MBla;Bluza z nadrukiem Czaszka;M;Man;Black;"4;18";53
BCzK04MBla;Bluza z nadrukiem Czaszka;L;Man;Black;"4;18";53
BCzK05MBla;Bluza z nadrukiem Czaszka;XL;Man;Black;"4;18";53
BCzK01MWhi;Bluza z nadrukiem Czaszka;XS;Man;White;"4;18";53
BCzK02MWhi;Bluza z nadrukiem Czaszka;S;Man;White;"4;18";53
BCzK03MWhi;Bluza z nadrukiem Czaszka;M;Man;White;"4;18";53
BCzK04MWhi;Bluza z nadrukiem Czaszka;L;Man;White;"4;18";53
BCzK05MWhi;Bluza z nadrukiem Czaszka;XL;Man;White;"4;18";53
BCzK01MGry;Bluza z nadrukiem Czaszka;XS;Man;Grey;"4;18";53
BCzK02MGry;Bluza z nadrukiem Czaszka;S;Man;Grey;"4;18";53
BCzK03MGry;Bluza z nadrukiem Czaszka;M;Man;Grey;"4;18";53
BCzK04MGry;Bluza z nadrukiem Czaszka;L;Man;Grey;"4;18";53
BCzK05MGry;Bluza z nadrukiem Czaszka;XL;Man;Grey;"4;18";53
BSeC01WBla;Bluza z nadrukiem Serce;XS;Woman;Black;"4;19";54
BSeC02WBla;Bluza z nadrukiem Serce;S;Woman;Black;"4;19";54
BSeC03WBla;Bluza z nadrukiem Serce;M;Woman;Black;"4;19";54
BSeC04WBla;Bluza z nadrukiem Serce;L;Woman;Black;"4;19";54
BSeC05WBla;Bluza z nadrukiem Serce;XL;Woman;Black;"4;19";54
BSeC01WWhi;Bluza z nadrukiem Serce;XS;Woman;White;"4;19";54
BSeC02WWhi;Bluza z nadrukiem Serce;S;Woman;White;"4;19";54
BSeC03WWhi;Bluza z nadrukiem Serce;M;Woman;White;"4;19";54
BSeC04WWhi;Bluza z nadrukiem Serce;L;Woman;White;"4;19";54
BSeC05WWhi;Bluza z nadrukiem Serce;XL;Woman;White;"4;19";54
BSeC01WGry;Bluza z nadrukiem Serce;XS;Woman;Grey;"4;19";54
BSeC02WGry;Bluza z nadrukiem Serce;S;Woman;Grey;"4;19";54
BSeC03WGry;Bluza z nadrukiem Serce;M;Woman;Grey;"4;19";54
BSeC04WGry;Bluza z nadrukiem Serce;L;Woman;Grey;"4;19";54
BSeC05WGry;Bluza z nadrukiem Serce;XL;Woman;Grey;"4;19";54
BSeC01WPin;Bluza z nadrukiem Serce;XS;Woman;Pink;"4;19";54
BSeC02WPin;Bluza z nadrukiem Serce;S;Woman;Pink;"4;19";54
BSeC03WPin;Bluza z nadrukiem Serce;M;Woman;Pink;"4;19";54
BSeC04WPin;Bluza z nadrukiem Serce;L;Woman;Pink;"4;19";54
BSeC05WPin;Bluza z nadrukiem Serce;XL;Woman;Pink;"4;19";54
BSeC01MBla;Bluza z nadrukiem Serce;XS;Man;Black;"4;19";54
BSeC02MBla;Bluza z nadrukiem Serce;S;Man;Black;"4;19";54
BSeC03MBla;Bluza z nadrukiem Serce;M;Man;Black;"4;19";54
BSeC04MBla;Bluza z nadrukiem Serce;L;Man;Black;"4;19";54
BSeC05MBla;Bluza z nadrukiem Serce;XL;Man;Black;"4;19";54
BSeC01MWhi;Bluza z nadrukiem Serce;XS;Man;White;"4;19";54
BSeC02MWhi;Bluza z nadrukiem Serce;S;Man;White;"4;19";54
BSeC03MWhi;Bluza z nadrukiem Serce;M;Man;White;"4;19";54
BSeC04MWhi;Bluza z nadrukiem Serce;L;Man;White;"4;19";54
BSeC05MWhi;Bluza z nadrukiem Serce;XL;Man;White;"4;19";54
BSeC01MGry;Bluza z nadrukiem Serce;XS;Man;Grey;"4;19";54
BSeC02MGry;Bluza z nadrukiem Serce;S;Man;Grey;"4;19";54
BSeC03MGry;Bluza z nadrukiem Serce;M;Man;Grey;"4;19";54
BSeC04MGry;Bluza z nadrukiem Serce;L;Man;Grey;"4;19";54
BSeC05MGry;Bluza z nadrukiem Serce;XL;Man;Grey;"4;19";54
BPlS01WBla;Bluza z nadrukiem Płatki śniegu;XS;Woman;Black;"4;20";55
BPlS02WBla;Bluza z nadrukiem Płatki śniegu;S;Woman;Black;"4;20";55
BPlS03WBla;Bluza z nadrukiem Płatki śniegu;M;Woman;Black;"4;20";55
BPlS04WBla;Bluza z nadrukiem Płatki śniegu;L;Woman;Black;"4;20";55
BPlS05WBla;Bluza z nadrukiem Płatki śniegu;XL;Woman;Black;"4;20";55
BPlS01WWhi;Bluza z nadrukiem Płatki śniegu;XS;Woman;White;"4;20";55
BPlS02WWhi;Bluza z nadrukiem Płatki śniegu;S;Woman;White;"4;20";55
BPlS03WWhi;Bluza z nadrukiem Płatki śniegu;M;Woman;White;"4;20";55
BPlS04WWhi;Bluza z nadrukiem Płatki śniegu;L;Woman;White;"4;20";55
BPlS05WWhi;Bluza z nadrukiem Płatki śniegu;XL;Woman;White;"4;20";55
BPlS01WGry;Bluza z nadrukiem Płatki śniegu;XS;Woman;Grey;"4;20";55
BPlS02WGry;Bluza z nadrukiem Płatki śniegu;S;Woman;Grey;"4;20";55
BPlS03WGry;Bluza z nadrukiem Płatki śniegu;M;Woman;Grey;"4;20";55
BPlS04WGry;Bluza z nadrukiem Płatki śniegu;L;Woman;Grey;"4;20";55
BPlS05WGry;Bluza z nadrukiem Płatki śniegu;XL;Woman;Grey;"4;20";55
BPlS01WBlu;Bluza z nadrukiem Płatki śniegu;XS;Woman;Blue;"4;20";55
BPlS02WBlu;Bluza z nadrukiem Płatki śniegu;S;Woman;Blue;"4;20";55
BPlS03WBlu;Bluza z nadrukiem Płatki śniegu;M;Woman;Blue;"4;20";55
BPlS04WBlu;Bluza z nadrukiem Płatki śniegu;L;Woman;Blue;"4;20";55
BPlS05WBlu;Bluza z nadrukiem Płatki śniegu;XL;Woman;Blue;"4;20";55
BPlS01MBla;Bluza z nadrukiem Płatki śniegu;XS;Man;Black;"4;20";55
BPlS02MBla;Bluza z nadrukiem Płatki śniegu;S;Man;Black;"4;20";55
BPlS03MBla;Bluza z nadrukiem Płatki śniegu;M;Man;Black;"4;20";55
BPlS04MBla;Bluza z nadrukiem Płatki śniegu;L;Man;Black;"4;20";55
BPlS05MBla;Bluza z nadrukiem Płatki śniegu;XL;Man;Black;"4;20";55
BPlS01MWhi;Bluza z nadrukiem Płatki śniegu;XS;Man;White;"4;20";55
BPlS02MWhi;Bluza z nadrukiem Płatki śniegu;S;Man;White;"4;20";55
BPlS03MWhi;Bluza z nadrukiem Płatki śniegu;M;Man;White;"4;20";55
BPlS04MWhi;Bluza z nadrukiem Płatki śniegu;L;Man;White;"4;20";55
BPlS05MWhi;Bluza z nadrukiem Płatki śniegu;XL;Man;White;"4;20";55
BPlS01MGry;Bluza z nadrukiem Płatki śniegu;XS;Man;Grey;"4;20";55
BPlS02MGry;Bluza z nadrukiem Płatki śniegu;S;Man;Grey;"4;20";55
BPlS03MGry;Bluza z nadrukiem Płatki śniegu;M;Man;Grey;"4;20";55
BPlS04MGry;Bluza z nadrukiem Płatki śniegu;L;Man;Grey;"4;20";55
BPlS05MGry;Bluza z nadrukiem Płatki śniegu;XL;Man;Grey;"4;20";55